Type,Contenu
Title,"National, International, Politique, Economie, Culture, Sociéte, Editorial . Le Nouvelliste"
Title,Arrow pointing to the left
Title,Arrow pointing to the right
Lien,/annonce
Lien,/contact
Lien,/a-propos
Lien,http://www.magik9.com/
Lien,/recherche
Lien,/
Lien,/a-la-minute
Lien,/annonce
Lien,/culture
Lien,/economie
Lien,/editorial
Lien,/national
Lien,/idees
Lien,/societe
Lien,/sport
Lien,/ticket-mag
Lien,/recherche
Lien,/
Lien,/en
Lien,/
Lien,/auth/login
Lien,/
Lien,/a-la-minute
Lien,/annonce
Lien,/culture
Lien,/economie
Lien,/editorial
Lien,/national
Lien,/idees
Lien,/societe
Lien,/sport
Lien,/ticket-mag
Lien,/a-la-minute
Lien,/a-la-minute
Lien,/a-la-minute
Lien,/a-la-minute
Lien,/a-la-minute
Lien,/article/246449/ron-desantis-abandonne-la-course-a-la-maison-blanche-et-soutiendra-trump
Lien,/article/246446/le-pape-demande-la-liberation-des-six-religieuses-enlevees-a-port-au-prince
Lien,/article/246444/haiti-na-pas-besoin-de-nouvelles-promesses
Lien,/article/246428/haiti-louisiane-les-marees-de-la-liberte
Lien,/article/246433/cest-parti-pour-la-17e-edition-du-papjazz
Lien,/article/246432/lol-fest-caraibes-2024-vous-attend
Lien,/article/246434/un-accord-politique-nest-pas-necessairement-une-condition-prealable-pour-le-deploiement-de-la-mmas-selon-maria-isabel-salvador
Lien,/article/246446/le-pape-demande-la-liberation-des-six-religieuses-enlevees-a-port-au-prince
Lien,/article/246449/ron-desantis-abandonne-la-course-a-la-maison-blanche-et-soutiendra-trump
Lien,/article/246434/un-accord-politique-nest-pas-necessairement-une-condition-prealable-pour-le-deploiement-de-la-mmas-selon-maria-isabel-salvador
Lien,/article/246443/sanctions-onusiennes-le-panel-des-experts-en-mission-a-port-au-prince
Lien,/article/246436/augmentation-des-plaies-par-balle-dans-les-hopitaux
Lien,/article/246444/haiti-na-pas-besoin-de-nouvelles-promesses
Lien,/article/246425/six-religieuses-de-la-congregation-des-soeurs-de-ste-anne-enlevees-a-port-au-prince
Lien,/article/246435/maria-isabel-salvador-dresse-le-portrait-des-prisons-haitiennes-a-la-reunion-de-lorganisation-internationale-de-la-francophonie
Lien,/article/246438/la-societe-du-rhum-barbancourt-part-en-guerre-contre-la-contrefacon
Lien,/kiosque/le-nouvelliste
Lien,/ticket-mag/delane
Lien,https://lenouvelliste.com/article/246449/ron-desantis-abandonne-la-course-a-la-maison-blanche-et-soutiendra-trump
Lien,https://lenouvelliste.com/article/246446/le-pape-demande-la-liberation-des-six-religieuses-enlevees-a-port-au-prince
Lien,https://lenouvelliste.com/article/246430/le-menfp-sassocie-avec-des-federations-sportives-pour-encourager-la-pratique-du-sport-en-milieu-scolaire
Lien,https://lenouvelliste.com/article/246433/cest-parti-pour-la-17e-edition-du-papjazz
Lien,https://lenouvelliste.com/article/246432/lol-fest-caraibes-2024-vous-attend
Lien,https://lenouvelliste.com/article/246434/un-accord-politique-nest-pas-necessairement-une-condition-prealable-pour-le-deploiement-de-la-mmas-selon-maria-isabel-salvador
Lien,https://lenouvelliste.com/article/246444/haiti-na-pas-besoin-de-nouvelles-promesses
Lien,/article/246430/le-menfp-sassocie-avec-des-federations-sportives-pour-encourager-la-pratique-du-sport-en-milieu-scolaire
Lien,/article/246438/la-societe-du-rhum-barbancourt-part-en-guerre-contre-la-contrefacon
Lien,/article/246433/cest-parti-pour-la-17e-edition-du-papjazz
Lien,/article/246444/haiti-na-pas-besoin-de-nouvelles-promesses
Lien,/article/246405/loea-exclut-toute-possibilite-dune-transition-dans-la-transition-et-souhaite-un-accord-national
Lien,/article/246402/basket-ball-les-perspectives-de-la-fhb-pour-2024
Lien,/article/246406/des-annonces-et-des-promesses-pour-favoriser-une-sortie-de-crise-en-haiti-lors-de-la-reunion-de-loif
Lien,/article/246409/pas-de-discussions-reelles-en-vue-de-la-sortie-de-crise-le-collectif-du-30-janvier-denonce-une-campagne-de-propagande-du-pouvoir
Lien,/article/246403/attaques-armees-et-images-de-peyi-lok-a-port-au-prince-manifestations-en-province
Lien,/article/246430/le-menfp-sassocie-avec-des-federations-sportives-pour-encourager-la-pratique-du-sport-en-milieu-scolaire
Lien,/article/246428/haiti-louisiane-les-marees-de-la-liberte
Lien,/article/246432/lol-fest-caraibes-2024-vous-attend
Lien,/article/246433/cest-parti-pour-la-17e-edition-du-papjazz
Lien,/article/246403/attaques-armees-et-images-de-peyi-lok-a-port-au-prince-manifestations-en-province
Lien,/article/246421/solidarite-en-haiti-et-dans-le-monde-pour-reclamer-la-liberation-de-douglas-pape
Lien,/article/246405/loea-exclut-toute-possibilite-dune-transition-dans-la-transition-et-souhaite-un-accord-national
Lien,/article/246422/dans-lattente-de-la-reponse-du-gouvernement
Lien,/article/246406/des-annonces-et-des-promesses-pour-favoriser-une-sortie-de-crise-en-haiti-lors-de-la-reunion-de-loif
Lien,/article/246377/pierre-marie-boisson-denonce-un-tort-fait-aux-beneficiaires-des-transferts
Lien,/article/246408/le-menfp-sensibilise-a-la-production-de-statistiques-sur-leducation
Lien,/article/246420/mmas-les-policiers-kenyans-completent-leur-formation-et-attendent-la-decision-du-tribunal-de-nairobi
Lien,/article/246400/le-college-haitien-de-cardiologie-appelle-a-la-liberation-du-dr-douglas-pape
Lien,/article/246416/tifane-je-suis-toujours-tres-engagee-dans-le-monde-musical
Lien,/article/246405/loea-exclut-toute-possibilite-dune-transition-dans-la-transition-et-souhaite-un-accord-national
Lien,/article/246403/attaques-armees-et-images-de-peyi-lok-a-port-au-prince-manifestations-en-province
Lien,/article/246383/la-peninsule-du-sud-au-bord-dune-crise-humanitaire-temoignage-dun-entrepreneur
Lien,/article/246384/le-gouvernement-au-chevet-de-la-bsap
Lien,/article/246409/pas-de-discussions-reelles-en-vue-de-la-sortie-de-crise-le-collectif-du-30-janvier-denonce-une-campagne-de-propagande-du-pouvoir
Lien,/article/246411/les-etats-unis-et-le-binuh-presentent-le-bilan-de-leur-participation-a-la-reunion-de-loif
Lien,/article/246420/mmas-les-policiers-kenyans-completent-leur-formation-et-attendent-la-decision-du-tribunal-de-nairobi
Lien,/article/246377/pierre-marie-boisson-denonce-un-tort-fait-aux-beneficiaires-des-transferts
Lien,/article/246408/le-menfp-sensibilise-a-la-production-de-statistiques-sur-leducation
Lien,/article/246402/basket-ball-les-perspectives-de-la-fhb-pour-2024
Lien,/article/246412/le-congres-americain-evite-de-justesse-une-paralysie-budgetaire-du-pays
Lien,/article/246416/tifane-je-suis-toujours-tres-engagee-dans-le-monde-musical
Lien,/article/243517/nicolas-delepine-on-est-la-pour-marquer-lhistoire
Lien,/article/246390/concacaf-u17-feminine-marc-oge-voit-haiti-se-qualifier-pour-la-coupe-du-monde
Lien,/article/246398/le-vent-de-janvier-2024
Lien,/article/246383/la-peninsule-du-sud-au-bord-dune-crise-humanitaire-temoignage-dun-entrepreneur
Lien,/article/246384/le-gouvernement-au-chevet-de-la-bsap
Lien,/article/246394/carrefour-feuilles-des-familles-piegees-chez-elles-apres-une-enieme-attaque-des-bandits
Lien,/article/246389/laction-des-gangs-entrave-les-activites-economiques-dans-le-pays-se-plaint-manuel-heusch-desquiron
Lien,/article/246389/laction-des-gangs-entrave-les-activites-economiques-dans-le-pays-se-plaint-manuel-heusch-desquiron
Lien,/article/246374/breves-precisions-de-lihsi-autour-de-lagregat-produit-interieur-brut
Lien,/article/246389/laction-des-gangs-entrave-les-activites-economiques-dans-le-pays-se-plaint-manuel-heusch-desquiron
Lien,/
Lien,/a-la-minute
Lien,/editorial
Lien,/kiosque
Lien,/
Lien,/#top
Lien,/culture
Lien,/economie
Lien,/editorial
Lien,/national
Lien,/idees
Lien,/societe
Lien,/sport
Lien,/ticket-mag
Lien,/contact
Lien,/rss
Lien,/annonces
Lien,/rss
Lien,/rss
Lien,/rss
Lien,http://www.magik9.com/
Lien,http://haitileprintempsdelart.com/
Lien,http://tele20.tv/
Lien,http://livresenfolie.com/
Lien,https://www.facebook.com/Artisanat.en.fete
Lien,https://www.facebook.com/monNouvelliste
Lien,https://www.instagram.com/lenouvelliste/
Lien,https://twitter.com/nouvelliste
Lien,https://www.youtube.com/user/lenouvelliste
Lien,/mentions-legales/nouvelliste-cgu
Lien,/mentions-legales/nouvelliste-pc
Lien,/mentions-legales/nouvelliste-cga
Image,/_nuxt/logo-125.014c73ed.svg
Image,https://cdn.lenouvelliste.com/shared/skeleton-image.webp
Image,https://cdn.lenouvelliste.com/shared/skeleton-image.webp
Image,https://cdn.lenouvelliste.com/shared/skeleton-image.webp
Image,https://cdn.lenouvelliste.com/shared/skeleton-image.webp
Image,https://cdn.lenouvelliste.com/shared/skeleton-image.webp
Image,https://cdn.lenouvelliste.com/shared/skeleton-image.webp
Image,https://cdn.lenouvelliste.com/shared/skeleton-image.webp
Image,https://cdn.lenouvelliste.com/shared/skeleton-image.webp
Image,https://cdn.lenouvelliste.com/shared/skeleton-image.webp
Image,https://cdn.lenouvelliste.com/shared/skeleton-image.webp
Image,https://cdn.lenouvelliste.com/shared/skeleton-image.webp
Image,https://cdn.lenouvelliste.com/shared/skeleton-image.webp
Image,https://cdn.lenouvelliste.com/shared/skeleton-image.webp
Image,https://cdn.lenouvelliste.com/shared/skeleton-image.webp
Image,https://cdn.lenouvelliste.com/shared/skeleton-image.webp
Image,https://cdn.lenouvelliste.com/shared/skeleton-image.webp
Image,https://cdn.lenouvelliste.com/shared/skeleton-image.webp
Image,https://media.lenouvelliste.com/ticket2/delane-1.JPG
Image,https://media.lenouvelliste.com/ticket2/delane-2.JPG
Image,https://media.lenouvelliste.com/ticket2/delane-3.JPG
Image,https://media.lenouvelliste.com/ticket2/delane-4.JPG
Image,https://media.lenouvelliste.com/ticket2/delane-5.JPG
Image,https://media.lenouvelliste.com/ticket2/delane-6.JPG
Image,https://media.lenouvelliste.com/ticket2/delane-7.JPG
Image,https://media.lenouvelliste.com/ticket2/delane-8.JPG
Image,https://media.lenouvelliste.com/ticket2/delane-9.JPG
Image,https://media.lenouvelliste.com/ticket2/delane-10.JPG
Image,https://media.lenouvelliste.com/ticket2/delane-1.JPG
Image,https://media.lenouvelliste.com/ticket2/delane-2.JPG
Image,https://media.lenouvelliste.com/ticket2/delane-3.JPG
Image,https://media.lenouvelliste.com/ticket2/delane-4.JPG
Image,https://media.lenouvelliste.com/ticket2/delane-5.JPG
Image,https://media.lenouvelliste.com/ticket2/delane-6.JPG
Image,https://media.lenouvelliste.com/ticket2/delane-7.JPG
Image,https://media.lenouvelliste.com/ticket2/delane-8.JPG
Image,https://media.lenouvelliste.com/ticket2/delane-9.JPG
Image,https://media.lenouvelliste.com/ticket2/delane-10.JPG
Image,https://media.lenouvelliste.com/ticket2/delane-1.JPG
Image,https://media.lenouvelliste.com/ticket2/delane-2.JPG
Image,https://media.lenouvelliste.com/ticket2/delane-3.JPG
Image,https://media.lenouvelliste.com/ticket2/delane-4.JPG
Image,https://media.lenouvelliste.com/ticket2/delane-5.JPG
Image,https://media.lenouvelliste.com/ticket2/delane-6.JPG
Image,https://media.lenouvelliste.com/ticket2/delane-7.JPG
Image,https://media.lenouvelliste.com/ticket2/delane-8.JPG
Image,https://media.lenouvelliste.com/ticket2/delane-9.JPG
Image,https://media.lenouvelliste.com/ticket2/delane-10.JPG
Image,https://cdn.lenouvelliste.com/shared/skeleton-image.webp
Image,https://cdn.lenouvelliste.com/shared/skeleton-image.webp
Image,https://cdn.lenouvelliste.com/shared/skeleton-image.webp
Image,https://cdn.lenouvelliste.com/shared/skeleton-image.webp
Image,https://cdn.lenouvelliste.com/shared/skeleton-image.webp
Image,https://cdn.lenouvelliste.com/shared/skeleton-image.webp
Image,https://cdn.lenouvelliste.com/shared/skeleton-image.webp
Image,https://cdn.lenouvelliste.com/shared/skeleton-image.webp
Image,https://cdn.lenouvelliste.com/shared/skeleton-image.webp
Image,https://cdn.lenouvelliste.com/shared/skeleton-image.webp
Image,https://cdn.lenouvelliste.com/shared/skeleton-image.webp
Image,https://cdn.lenouvelliste.com/shared/skeleton-image.webp
Image,https://cdn.lenouvelliste.com/shared/skeleton-image.webp
Image,https://cdn.lenouvelliste.com/shared/skeleton-image.webp
Image,https://cdn.lenouvelliste.com/shared/skeleton-image.webp
Image,https://cdn.lenouvelliste.com/shared/skeleton-image.webp
Image,https://cdn.lenouvelliste.com/shared/skeleton-image.webp
Image,https://cdn.lenouvelliste.com/shared/skeleton-image.webp
Image,https://cdn.lenouvelliste.com/shared/skeleton-image.webp
Image,https://cdn.lenouvelliste.com/shared/skeleton-image.webp
Image,https://cdn.lenouvelliste.com/shared/skeleton-image.webp
Image,https://cdn.lenouvelliste.com/shared/skeleton-image.webp
Image,https://cdn.lenouvelliste.com/shared/skeleton-image.webp
Image,https://cdn.lenouvelliste.com/shared/skeleton-image.webp
Image,https://cdn.lenouvelliste.com/shared/skeleton-image.webp
Image,https://cdn.lenouvelliste.com/shared/skeleton-image.webp
Image,https://cdn.lenouvelliste.com/shared/skeleton-image.webp
Image,https://cdn.lenouvelliste.com/shared/skeleton-image.webp
Image,https://cdn.lenouvelliste.com/shared/skeleton-image.webp
Image,https://cdn.lenouvelliste.com/shared/skeleton-image.webp
Image,https://cdn.lenouvelliste.com/shared/skeleton-image.webp
Image,https://cdn.lenouvelliste.com/shared/skeleton-image.webp
Image,https://cdn.lenouvelliste.com/shared/skeleton-image.webp
Image,https://cdn.lenouvelliste.com/shared/skeleton-image.webp
Image,https://cdn.lenouvelliste.com/shared/skeleton-image.webp
Image,https://cdn.lenouvelliste.com/shared/skeleton-image.webp
Image,https://cdn.lenouvelliste.com/shared/skeleton-image.webp
Image,https://cdn.lenouvelliste.com/shared/skeleton-image.webp
Image,https://cdn.lenouvelliste.com/shared/skeleton-image.webp
Image,https://cdn.lenouvelliste.com/shared/skeleton-image.webp
Image,https://cdn.lenouvelliste.com/shared/skeleton-image.webp
Image,https://cdn.lenouvelliste.com/shared/skeleton-image.webp
Image,https://cdn.lenouvelliste.com/shared/skeleton-image.webp
Image,https://cdn.lenouvelliste.com/shared/skeleton-image.webp
Image,https://cdn.lenouvelliste.com/shared/skeleton-image.webp
Image,/_nuxt/logo-white.e598ff85.svg
Description,"En 1898, Guillaume Chéraquit entreprend pour la troisième fois de lancer un quotidien de renseignements et d'annonces à Port-au-Prince. Il fonde ""Le Matin"" qui devient quinze mois plus tard ""Le Nouvelliste""."
